<?xml version="1.0" encoding="UTF-8"?>
<Configuration status="warn">

	<Appenders>
		<Console name="console" target="SYSTEM_OUT">
			<PatternLayout pattern="%-5p: %c - %m%n" />
		</Console>

		<RollingFile name="rollingFile" immediateFlush="true"
			fileName="/logs/NCPDP/QA1/R7/RxNotifierUI/RxNotifierUI.log"
			filePattern="/logs/OPPR_cert/RxNotifier/RxNotifierUI-%i.log">
			<PatternLayout>
				<Pattern>%d{yyyy-MM-dd'T'HH:mm:ss.SSSZ} |[%t]| %p | %c | %m%n</Pattern>
			</PatternLayout>
			<Policies>
				<SizeBasedTriggeringPolicy size="5 MB" />
			</Policies>
			<DefaultRolloverStrategy max="10" />
		</RollingFile>

	</Appenders>

	<Loggers>
		<Logger name="org.apache.log4j.xml" level="info">			
		</Logger>
		<Logger name="org.kp.oppr" level="debug" additivity="false">	
		<AppenderRef ref="rollingFile" />		
		</Logger>
		
		<Logger name="org.springframework" level="info" additivity="false">
		<AppenderRef ref="rollingFile" />			
		</Logger>

		<Logger name="org.springframework.context" level="info"	additivity="false">	
		<AppenderRef ref="rollingFile" />		
		</Logger>

		<Logger name="org.springframework.web" level="info" additivity="false">	
		<AppenderRef ref="rollingFile" />		
		</Logger>

		<Root level="info">
			<AppenderRef ref="rollingFile" />
		</Root>
	</Loggers>


</Configuration>
